-- phpMyAdmin SQL Dump
-- version 5.1.1
-- https://www.phpmyadmin.net/
--
-- Host: localhost:3306
-- Waktu pembuatan: 21 Bulan Mei 2024 pada 09.23
-- Versi server: 10.4.22-MariaDB
-- Versi PHP: 8.1.1

SET SQL_MODE = "NO_AUTO_VALUE_ON_ZERO";
START TRANSACTION;
SET time_zone = "+00:00";


/*!40101 SET @OLD_CHARACTER_SET_CLIENT=@@CHARACTER_SET_CLIENT */;
/*!40101 SET @OLD_CHARACTER_SET_RESULTS=@@CHARACTER_SET_RESULTS */;
/*!40101 SET @OLD_COLLATION_CONNECTION=@@COLLATION_CONNECTION */;
/*!40101 SET NAMES utf8mb4 */;

--
-- Database: `peternakan_ayam`
--

-- --------------------------------------------------------

--
-- Struktur dari tabel `ayam`
--

CREATE TABLE `ayam` (
  `id` int(11) NOT NULL,
  `kandang_id` int(11) NOT NULL,
  `jml_hidup` int(11) NOT NULL,
  `jml_mati` int(11) NOT NULL,
  `total` int(11) NOT NULL,
  `pakan` varchar(5) NOT NULL,
  `tanggal` date NOT NULL,
  `created_at` datetime NOT NULL,
  `updated_at` datetime NOT NULL
) ENGINE=InnoDB DEFAULT CHARSET=utf8mb4;

--
-- Dumping data untuk tabel `ayam`
--

INSERT INTO `ayam` (`id`, `kandang_id`, `jml_hidup`, `jml_mati`, `total`, `pakan`, `tanggal`, `created_at`, `updated_at`) VALUES
(9, 5, 5003, 0, 5003, '13', '2024-01-01', '2024-04-21 14:29:59', '2024-04-21 14:29:59'),
(10, 6, 876, 0, 876, '3.5', '2024-01-01', '2024-04-21 14:31:14', '2024-04-21 14:31:14'),
(11, 7, 323, 0, 323, '4', '2024-01-01', '2024-04-21 14:33:10', '2024-04-21 14:33:10'),
(12, 8, 4194, 0, 4194, '12', '2024-01-01', '2024-04-21 14:33:53', '2024-04-21 14:33:53'),
(13, 9, 1091, 0, 1091, '3', '2024-01-01', '2024-04-21 14:35:31', '2024-04-21 14:35:31'),
(15, 10, 3887, 20, 3867, '10', '2024-01-01', '2024-04-21 14:38:07', '2024-04-21 14:38:07'),
(16, 11, 1141, 1, 1140, '3.5', '2024-01-01', '2024-04-21 14:39:44', '2024-04-21 14:39:44'),
(17, 12, 769, 0, 769, '2', '2024-01-01', '2024-04-21 14:40:40', '2024-04-21 14:40:40'),
(18, 13, 2056, 0, 2056, '7', '2024-01-01', '2024-04-21 14:41:16', '2024-04-21 14:41:16'),
(19, 14, 5479, 0, 5479, '15', '2024-01-01', '2024-04-21 14:42:19', '2024-04-21 14:42:19'),
(20, 15, 5879, 0, 5879, '15', '2024-01-01', '2024-05-10 06:42:35', '2024-05-10 06:42:35'),
(21, 16, 1355, 0, 1355, '3.5', '2024-01-01', '2024-05-10 06:43:07', '2024-05-10 06:43:07'),
(22, 17, 110, 0, 110, '0.5', '2024-01-01', '2024-05-10 06:43:39', '2024-05-10 06:43:39'),
(23, 18, 2245, 0, 2245, '7.5', '2024-01-01', '2024-05-10 06:44:15', '2024-05-10 06:44:15'),
(24, 19, 5962, 0, 5962, '18', '2024-01-01', '2024-05-10 06:44:49', '2024-05-10 06:44:49'),
(25, 20, 6153, 3, 6150, '16', '2024-01-01', '2024-05-10 06:45:33', '2024-05-10 06:45:33'),
(26, 21, 737, 0, 737, '2', '2024-01-01', '2024-05-10 06:46:23', '2024-05-10 06:46:23'),
(27, 22, 2384, 0, 2384, '8', '2024-01-01', '2024-05-10 06:46:56', '2024-05-10 06:46:56'),
(28, 23, 1461, 1, 1460, '4', '2024-01-01', '2024-05-10 06:47:43', '2024-05-10 06:47:43'),
(29, 24, 3042, 0, 3042, '8', '2024-01-01', '2024-05-10 06:48:30', '2024-05-10 06:48:30'),
(30, 25, 2475, 0, 2475, '6', '2024-01-01', '2024-05-10 06:48:58', '2024-05-10 06:48:58'),
(31, 26, 1620, 1, 1619, '5', '2024-01-01', '2024-05-10 06:49:29', '2024-05-10 06:49:29'),
(32, 27, 6447, 0, 6447, '17', '2024-01-01', '2024-05-10 06:50:02', '2024-05-10 06:50:02'),
(33, 28, 2170, 0, 2170, '6', '2024-01-01', '2024-05-10 06:50:40', '2024-05-10 06:50:40'),
(34, 29, 3308, 2, 3306, '9', '2024-01-01', '2024-05-10 06:51:09', '2024-05-10 06:51:09'),
(35, 30, 208, 0, 208, '1', '2024-01-01', '2024-05-10 06:51:38', '2024-05-10 06:51:38'),
(36, 31, 4824, 0, 4824, '13', '2024-01-01', '2024-05-10 06:52:11', '2024-05-10 06:52:11'),
(37, 32, 2819, 0, 2819, '7', '2024-01-01', '2024-05-10 06:52:40', '2024-05-10 06:52:40'),
(38, 33, 6742, 0, 6742, '18', '2024-01-01', '2024-05-10 06:53:22', '2024-05-10 06:53:22'),
(39, 34, 5519, 1, 5518, '15', '2024-01-01', '2024-05-10 06:53:57', '2024-05-10 06:53:57'),
(40, 35, 2748, 1, 2747, '13', '2024-01-01', '2024-05-10 06:54:24', '2024-05-10 06:54:24'),
(41, 36, 860, 0, 860, '2', '2024-01-01', '2024-05-10 06:54:54', '2024-05-10 06:54:54'),
(42, 37, 6887, 1, 6886, '15', '2024-01-01', '2024-05-10 06:55:48', '2024-05-10 06:55:48'),
(43, 38, 2726, 0, 2726, '6', '2024-01-01', '2024-05-10 06:56:16', '2024-05-10 06:56:16'),
(44, 39, 2580, 0, 2580, '5', '2024-01-01', '2024-05-10 06:56:41', '2024-05-10 06:56:41'),
(45, 40, 1403, 0, 1403, '4', '2024-01-01', '2024-05-10 06:57:04', '2024-05-10 06:57:04'),
(46, 41, 5431, 0, 5431, '12', '2024-01-01', '2024-05-10 06:57:42', '2024-05-10 06:57:42'),
(47, 42, 3839, 0, 3839, '9', '2024-01-01', '2024-05-10 06:58:38', '2024-05-10 06:58:38'),
(48, 43, 2960, 0, 2960, '5', '2024-01-01', '2024-05-10 06:59:12', '2024-05-10 06:59:12'),
(49, 44, 1363, 0, 1363, '2', '2024-01-01', '2024-05-10 06:59:37', '2024-05-10 06:59:37'),
(50, 45, 3840, 0, 3840, '6', '2024-01-01', '2024-05-10 07:00:14', '2024-05-10 07:00:14'),
(51, 46, 330, 0, 330, '1', '2024-01-01', '2024-05-10 07:00:50', '2024-05-10 07:00:50');

-- --------------------------------------------------------

--
-- Struktur dari tabel `failed_jobs`
--

CREATE TABLE `failed_jobs` (
  `id` bigint(20) UNSIGNED NOT NULL,
  `uuid` varchar(255) COLLATE utf8mb4_unicode_ci NOT NULL,
  `connection` text COLLATE utf8mb4_unicode_ci NOT NULL,
  `queue` text COLLATE utf8mb4_unicode_ci NOT NULL,
  `payload` longtext COLLATE utf8mb4_unicode_ci NOT NULL,
  `exception` longtext COLLATE utf8mb4_unicode_ci NOT NULL,
  `failed_at` timestamp NOT NULL DEFAULT current_timestamp()
) ENGINE=InnoDB DEFAULT CHARSET=utf8mb4 COLLATE=utf8mb4_unicode_ci;

-- --------------------------------------------------------

--
-- Struktur dari tabel `kandang`
--

CREATE TABLE `kandang` (
  `id` int(11) NOT NULL,
  `nm_kandang` varchar(15) NOT NULL,
  `jml_ayam` int(11) NOT NULL,
  `nm_karyawan` varchar(15) NOT NULL,
  `umur_ayam` int(11) NOT NULL,
  `created_at` datetime NOT NULL,
  `updated_at` datetime NOT NULL
) ENGINE=InnoDB DEFAULT CHARSET=utf8mb4;

--
-- Dumping data untuk tabel `kandang`
--

INSERT INTO `kandang` (`id`, `nm_kandang`, `jml_ayam`, `nm_karyawan`, `umur_ayam`, `created_at`, `updated_at`) VALUES
(5, '4p', 5003, 'Sutrisno', 97, '2024-04-21 14:20:32', '2024-04-21 14:20:32'),
(6, '7', 876, 'Qory', 97, '2024-04-21 14:21:18', '2024-04-21 14:21:18'),
(7, '14', 323, 'Indra', 97, '2024-04-21 14:24:16', '2024-04-21 14:24:16'),
(8, '2p', 4194, 'Anang', 92, '2024-04-21 14:24:47', '2024-04-21 14:24:47'),
(9, '6', 1091, 'En', 92, '2024-04-21 14:25:20', '2024-04-21 14:25:20'),
(10, '16', 3867, 'Anto PL', 92, '2024-04-21 14:25:48', '2024-04-21 14:25:48'),
(11, '4', 1140, 'En', 80, '2024-04-21 14:26:27', '2024-04-21 14:26:27'),
(12, '8a', 769, 'Anto PL', 80, '2024-04-21 14:26:58', '2024-04-21 14:26:58'),
(13, '17', 2056, 'Qory', 80, '2024-04-21 14:27:33', '2024-04-21 14:27:33'),
(14, '5p', 5479, 'Dori', 77, '2024-04-21 14:28:13', '2024-04-21 14:28:13'),
(15, '1 SD', 5879, 'Nanang', 74, '2024-05-10 06:20:45', '2024-05-10 06:20:45'),
(16, '3', 1355, 'Qory', 74, '2024-05-10 06:21:55', '2024-05-10 06:21:55'),
(17, '8 b', 110, 'Anto PL', 74, '2024-05-10 06:22:22', '2024-05-10 06:22:22'),
(18, '21', 2245, 'Ripal', 74, '2024-05-10 06:23:04', '2024-05-10 06:23:04'),
(19, '1 TB', 5962, 'Repil', 65, '2024-05-10 06:23:49', '2024-05-10 06:23:49'),
(20, '2 SD', 6150, 'Budi', 65, '2024-05-10 06:24:25', '2024-05-10 06:24:25'),
(21, '19 a', 737, 'Ripal', 61, '2024-05-10 06:24:55', '2024-05-10 06:24:55'),
(22, '20', 2384, 'Ripal', 61, '2024-05-10 06:25:19', '2024-05-10 06:25:19'),
(23, '9', 1460, 'Anto PL', 56, '2024-05-10 06:25:55', '2024-05-10 06:25:55'),
(24, '11', 3042, 'Ira Tati', 56, '2024-05-10 06:26:35', '2024-05-10 06:26:35'),
(25, '13', 2475, 'Ira Tati', 56, '2024-05-10 06:28:42', '2024-05-10 06:28:42'),
(26, '19 b', 1619, 'Ripal', 56, '2024-05-10 06:29:08', '2024-05-10 06:29:08'),
(27, '3 SD', 6447, 'En', 51, '2024-05-10 06:29:38', '2024-05-10 06:29:38'),
(28, '12', 2170, 'Ira Tati', 51, '2024-05-10 06:30:01', '2024-05-10 06:30:01'),
(29, '18', 3306, 'Budi', 51, '2024-05-10 06:30:59', '2024-05-10 06:30:59'),
(30, '2A', 208, 'Qory', 43, '2024-05-10 06:31:32', '2024-05-10 06:31:32'),
(31, '15', 4824, 'Indra', 43, '2024-05-10 06:32:01', '2024-05-10 06:32:01'),
(32, '23', 2819, 'Iyem', 43, '2024-05-10 06:32:29', '2024-05-10 06:32:29'),
(33, '2 TB', 6742, 'Anto K', 43, '2024-05-10 06:33:01', '2024-05-10 06:33:01'),
(34, '1P', 5518, 'Anang', 34, '2024-05-10 06:33:32', '2024-05-10 06:33:32'),
(35, '24', 2747, 'Iyem', 34, '2024-05-10 06:33:56', '2024-05-10 06:33:56'),
(36, '5', 860, 'Indra', 34, '2024-05-10 06:34:23', '2024-05-10 06:34:23'),
(37, '3 TB', 6886, 'Aldo', 28, '2024-05-10 06:34:58', '2024-05-10 06:34:58'),
(38, '25', 2726, 'Sapri', 28, '2024-05-10 06:35:22', '2024-05-10 06:35:22'),
(39, '26', 2580, 'Sapri', 28, '2024-05-10 06:35:47', '2024-05-10 06:35:47'),
(40, '2B', 1403, 'Qory', 28, '2024-05-10 06:36:34', '2024-05-10 06:36:34'),
(41, '3P', 5437, 'Trisno', 26, '2024-05-10 06:37:18', '2024-05-10 06:37:18'),
(42, '5TB', 3839, 'Repil', 17, '2024-05-10 06:37:42', '2024-05-10 06:37:42'),
(43, '22', 2960, 'Iyem', 14, '2024-05-10 06:38:17', '2024-05-10 06:38:17'),
(44, '10', 1363, 'Indra', 14, '2024-05-10 06:38:41', '2024-05-10 06:38:41'),
(45, '6TB', 3840, 'Aldo', 14, '2024-05-10 06:39:07', '2024-05-10 06:39:07'),
(46, '1', 330, 'Qory', 14, '2024-05-10 06:39:27', '2024-05-10 06:39:27');

-- --------------------------------------------------------

--
-- Struktur dari tabel `migrations`
--

CREATE TABLE `migrations` (
  `id` int(10) UNSIGNED NOT NULL,
  `migration` varchar(255) COLLATE utf8mb4_unicode_ci NOT NULL,
  `batch` int(11) NOT NULL
) ENGINE=InnoDB DEFAULT CHARSET=utf8mb4 COLLATE=utf8mb4_unicode_ci;

--
-- Dumping data untuk tabel `migrations`
--

INSERT INTO `migrations` (`id`, `migration`, `batch`) VALUES
(1, '2014_10_12_000000_create_users_table', 1),
(2, '2014_10_12_100000_create_password_resets_table', 1),
(3, '2014_10_12_200000_add_two_factor_columns_to_users_table', 1),
(4, '2019_08_19_000000_create_failed_jobs_table', 1),
(5, '2019_12_14_000001_create_personal_access_tokens_table', 1),
(6, '2024_02_18_023726_create_sessions_table', 1);

-- --------------------------------------------------------

--
-- Struktur dari tabel `pakan`
--

CREATE TABLE `pakan` (
  `id` int(11) NOT NULL,
  `stok_jagung` int(11) NOT NULL,
  `stok_konsentrat` int(11) NOT NULL,
  `tanggal` date NOT NULL,
  `created_at` datetime NOT NULL,
  `updated_at` datetime NOT NULL
) ENGINE=InnoDB DEFAULT CHARSET=utf8mb4;

--
-- Dumping data untuk tabel `pakan`
--

INSERT INTO `pakan` (`id`, `stok_jagung`, `stok_konsentrat`, `tanggal`, `created_at`, `updated_at`) VALUES
(3, 8522, 106, '2024-01-01', '2024-04-21 15:58:50', '2024-04-21 16:02:51'),
(4, 8435, 190, '2024-01-02', '2024-04-21 15:59:57', '2024-04-21 16:03:09'),
(5, 6035, 166, '2024-01-03', '2024-04-21 16:02:05', '2024-04-21 16:04:07'),
(6, 7668, 136, '2024-01-04', '2024-04-21 16:04:57', '2024-04-21 16:04:57'),
(7, 3888, 200, '2024-01-05', '2024-04-21 16:05:50', '2024-04-21 16:05:50'),
(8, 4351, 167, '2024-01-06', '2024-04-21 16:06:39', '2024-04-21 16:06:39'),
(9, 7519, 137, '2024-01-07', '2024-04-21 16:08:54', '2024-04-21 16:08:54'),
(10, 4639, 101, '2024-01-08', '2024-04-21 16:10:34', '2024-04-21 16:10:34'),
(11, 2779, 249, '2024-01-09', '2024-04-21 16:11:10', '2024-04-21 16:11:10'),
(12, 2514, 207, '2024-01-10', '2024-04-21 16:11:45', '2024-04-21 16:11:45'),
(13, 9979, 183, '2024-01-11', '2024-05-10 08:44:44', '2024-05-10 08:47:24'),
(14, 17847, 141, '2024-01-12', '2024-05-10 08:45:38', '2024-05-10 08:47:50'),
(15, 14547, 200, '2024-01-13', '2024-05-10 08:48:51', '2024-05-10 08:48:51'),
(16, 14713, 200, '2024-01-14', '2024-05-10 08:49:40', '2024-05-10 08:49:56'),
(17, 12313, 700, '2024-01-15', '2024-05-10 08:50:55', '2024-05-10 08:50:55'),
(18, 9433, 700, '2024-01-16', '2024-05-10 08:51:28', '2024-05-10 08:51:28'),
(19, 21613, 200, '2024-01-17', '2024-05-10 08:55:48', '2024-05-10 08:55:48'),
(20, 18253, 200, '2024-01-18', '2024-05-10 08:56:23', '2024-05-10 08:56:23'),
(21, 15809, 200, '2024-01-19', '2024-05-10 08:57:05', '2024-05-10 08:57:05'),
(22, 12509, 180, '2024-01-20', '2024-05-10 08:58:02', '2024-05-10 08:58:02'),
(23, 16608, 200, '2024-01-21', '2024-05-10 08:58:48', '2024-05-10 08:58:48'),
(24, 14387, 200, '2024-01-22', '2024-05-10 08:59:30', '2024-05-10 08:59:30'),
(25, 12527, 200, '2024-01-23', '2024-05-10 09:01:09', '2024-05-10 09:01:09'),
(26, 12190, 200, '2024-01-24', '2024-05-10 09:01:42', '2024-05-10 09:01:42'),
(27, 16999, 720, '2024-01-25', '2024-05-10 09:02:23', '2024-05-10 09:02:23'),
(28, 14079, 707, '2024-01-26', '2024-05-10 09:04:06', '2024-05-10 09:04:06'),
(29, 12132, 720, '2024-01-27', '2024-05-10 09:04:53', '2024-05-10 09:04:53'),
(30, 12964, 200, '2024-01-28', '2024-05-10 09:05:28', '2024-05-10 09:05:28'),
(31, 23376, 180, '2024-01-29', '2024-05-10 09:06:46', '2024-05-10 09:06:46'),
(32, 27416, 700, '2024-01-30', '2024-05-10 09:07:27', '2024-05-10 09:07:27'),
(33, 31111, 200, '2024-01-31', '2024-05-10 09:08:18', '2024-05-10 09:08:18'),
(34, 35211, 200, '2024-02-01', '2024-05-10 09:09:14', '2024-05-10 09:09:14'),
(35, 32651, 200, '2024-02-02', '2024-05-10 09:10:13', '2024-05-10 09:10:13'),
(36, 36003, 200, '2024-02-03', '2024-05-10 09:10:53', '2024-05-10 09:10:53'),
(37, 32163, 200, '2024-02-04', '2024-05-10 09:11:33', '2024-05-10 09:11:33'),
(38, 38010, 200, '2024-02-05', '2024-05-10 09:12:29', '2024-05-10 09:12:29'),
(39, 37566, 440, '2024-02-06', '2024-05-10 09:13:33', '2024-05-10 09:13:33'),
(40, 51868, 200, '2024-02-07', '2024-05-10 09:14:13', '2024-05-10 09:14:13'),
(41, 47768, 200, '2024-02-08', '2024-05-10 09:14:38', '2024-05-10 09:14:38'),
(42, 52957, 200, '2024-02-09', '2024-05-10 09:15:30', '2024-05-10 09:15:30'),
(43, 57117, 200, '2024-02-10', '2024-05-10 09:16:06', '2024-05-10 09:16:06'),
(44, 50457, 200, '2024-02-11', '2024-05-10 09:16:44', '2024-05-10 09:16:44'),
(45, 48614, 200, '2024-02-12', '2024-05-10 09:17:31', '2024-05-10 09:17:31'),
(46, 51954, 200, '2024-02-13', '2024-05-10 09:18:09', '2024-05-10 09:18:09'),
(47, 49223, 200, '2024-02-14', '2024-05-10 09:19:04', '2024-05-10 09:19:04'),
(48, 50478, 200, '2024-02-15', '2024-05-10 09:19:31', '2024-05-10 09:19:31'),
(49, 54718, 200, '2024-02-16', '2024-05-10 09:20:46', '2024-05-10 09:20:46'),
(50, 52798, 200, '2024-02-17', '2024-05-10 09:21:32', '2024-05-10 09:21:32'),
(51, 47038, 200, '2024-02-18', '2024-05-10 09:22:07', '2024-05-10 09:22:07'),
(52, 41338, 200, '2024-02-19', '2024-05-10 09:22:52', '2024-05-10 09:22:52'),
(53, 43578, 200, '2024-02-20', '2024-05-10 09:23:20', '2024-05-10 09:23:20'),
(54, 37818, 460, '2024-02-21', '2024-05-10 09:24:04', '2024-05-10 09:24:04'),
(55, 30198, 460, '2024-02-22', '2024-05-10 09:24:36', '2024-05-10 09:24:36'),
(56, 34438, 200, '2024-02-23', '2024-05-10 09:25:11', '2024-05-10 09:25:11'),
(57, 42737, 200, '2024-02-24', '2024-05-10 09:25:58', '2024-05-10 09:25:58'),
(58, 31217, 200, '2024-02-25', '2024-05-10 09:26:37', '2024-05-10 09:26:37'),
(59, 27435, 200, '2024-02-26', '2024-05-10 09:27:05', '2024-05-10 09:27:05'),
(60, 44095, 200, '2024-02-27', '2024-05-10 09:27:54', '2024-05-10 09:27:54'),
(61, 37435, 200, '2024-02-28', '2024-05-10 09:28:30', '2024-05-10 09:28:30'),
(62, 31675, 200, '2024-02-29', '2024-05-10 09:28:56', '2024-05-10 09:28:56');

-- --------------------------------------------------------

--
-- Struktur dari tabel `password_resets`
--

CREATE TABLE `password_resets` (
  `email` varchar(255) COLLATE utf8mb4_unicode_ci NOT NULL,
  `token` varchar(255) COLLATE utf8mb4_unicode_ci NOT NULL,
  `created_at` timestamp NULL DEFAULT NULL
) ENGINE=InnoDB DEFAULT CHARSET=utf8mb4 COLLATE=utf8mb4_unicode_ci;

--
-- Dumping data untuk tabel `password_resets`
--

INSERT INTO `password_resets` (`email`, `token`, `created_at`) VALUES
('indah12anggraini@gmail.com', '$2y$10$iCJcFiLyVQzqfKcz6kSzxeEPzxg1ZoXiw.ZOlsn4wLTlEdiGPvRHa', '2024-02-27 23:50:55');

-- --------------------------------------------------------

--
-- Struktur dari tabel `penjualan`
--

CREATE TABLE `penjualan` (
  `id` int(11) NOT NULL,
  `produk_id` int(11) NOT NULL,
  `tgl_jual` date NOT NULL,
  `jml_jual` int(11) NOT NULL,
  `harga` int(10) NOT NULL,
  `total` int(20) NOT NULL,
  `created_at` datetime NOT NULL,
  `updated_at` datetime NOT NULL
) ENGINE=InnoDB DEFAULT CHARSET=utf8mb4;

--
-- Dumping data untuk tabel `penjualan`
--

INSERT INTO `penjualan` (`id`, `produk_id`, `tgl_jual`, `jml_jual`, `harga`, `total`, `created_at`, `updated_at`) VALUES
(8, 5, '2024-01-02', 200, 25000, 5000000, '2024-04-22 13:18:38', '2024-04-24 14:34:25'),
(9, 4, '2024-01-02', 8250, 22700, 187275000, '2024-04-24 14:43:57', '2024-04-24 14:43:57'),
(10, 8, '2024-01-04', 8250, 22300, 183975000, '2024-04-24 14:45:23', '2024-04-24 14:45:23'),
(11, 12, '2024-01-06', 8250, 22700, 187275000, '2024-04-24 14:49:00', '2024-04-24 14:49:00'),
(12, 13, '2024-01-09', 8250, 22400, 184800000, '2024-04-24 14:53:07', '2024-04-24 14:53:07'),
(13, 14, '2024-01-10', 6075, 22700, 137902500, '2024-04-24 14:55:25', '2024-04-24 14:55:25'),
(14, 15, '2024-01-13', 8250, 23500, 193875000, '2024-04-24 14:58:05', '2024-04-24 14:58:05'),
(15, 16, '2024-01-17', 7980, 24000, 191520000, '2024-04-24 15:00:59', '2024-04-24 15:00:59'),
(16, 17, '2024-01-20', 8250, 24000, 198000000, '2024-04-24 15:03:04', '2024-04-24 15:03:04'),
(17, 18, '2024-01-24', 8250, 23800, 196350000, '2024-04-24 15:05:35', '2024-04-24 15:05:35'),
(18, 17, '2024-05-11', 500, 5000, 2500000, '2024-05-11 02:35:12', '2024-05-11 02:35:12');

-- --------------------------------------------------------

--
-- Struktur dari tabel `personal_access_tokens`
--

CREATE TABLE `personal_access_tokens` (
  `id` bigint(20) UNSIGNED NOT NULL,
  `tokenable_type` varchar(255) COLLATE utf8mb4_unicode_ci NOT NULL,
  `tokenable_id` bigint(20) UNSIGNED NOT NULL,
  `name` varchar(255) COLLATE utf8mb4_unicode_ci NOT NULL,
  `token` varchar(64) COLLATE utf8mb4_unicode_ci NOT NULL,
  `abilities` text COLLATE utf8mb4_unicode_ci DEFAULT NULL,
  `last_used_at` timestamp NULL DEFAULT NULL,
  `created_at` timestamp NULL DEFAULT NULL,
  `updated_at` timestamp NULL DEFAULT NULL
) ENGINE=InnoDB DEFAULT CHARSET=utf8mb4 COLLATE=utf8mb4_unicode_ci;

-- --------------------------------------------------------

--
-- Struktur dari tabel `produk`
--

CREATE TABLE `produk` (
  `id` int(11) NOT NULL,
  `nm_produk` varchar(11) NOT NULL,
  `stok_masuk` int(11) NOT NULL,
  `stok_keluar` int(11) NOT NULL,
  `stok_gudang` int(11) NOT NULL,
  `tanggal` date NOT NULL,
  `created_at` datetime NOT NULL,
  `updated_at` datetime NOT NULL
) ENGINE=InnoDB DEFAULT CHARSET=utf8mb4;

--
-- Dumping data untuk tabel `produk`
--

INSERT INTO `produk` (`id`, `nm_produk`, `stok_masuk`, `stok_keluar`, `stok_gudang`, `tanggal`, `created_at`, `updated_at`) VALUES
(1, 'Telur1Jan', 94149, 1818, 94149, '2024-01-01', '2024-02-20 05:54:53', '2024-04-24 14:29:12'),
(3, 'Ayam1Jan', 125246, 31, 125246, '2024-01-01', '2024-02-21 06:19:44', '2024-04-24 14:29:22'),
(4, 'Telur2Jan', 94671, 1851, 94671, '2024-01-02', '2024-04-24 14:20:20', '2024-04-24 14:29:33'),
(5, 'Ayam2Jan', 125246, 24, 125246, '2024-01-02', '2024-04-24 14:24:02', '2024-04-24 14:29:45'),
(6, 'Telur3Jan', 94827, 1881, 94827, '2024-01-03', '2024-04-24 14:25:21', '2024-04-24 14:29:57'),
(7, 'Ayam3Jan', 125028, 22, 125028, '2024-01-03', '2024-04-24 14:25:57', '2024-04-24 14:30:08'),
(8, 'Telur4Jan', 94556, 1709, 94556, '2024-01-04', '2024-04-24 14:27:15', '2024-04-24 14:30:19'),
(9, 'Ayam4Jan', 125008, 11, 125008, '2024-01-04', '2024-04-24 14:28:06', '2024-04-24 14:30:31'),
(10, 'Telur5Jan', 94416, 1663, 94416, '2024-01-05', '2024-04-24 14:31:45', '2024-04-24 14:31:45'),
(11, 'Ayam5Jan', 124881, 17, 124881, '2024-01-05', '2024-04-24 14:32:27', '2024-04-24 14:32:27'),
(12, 'Telur6Jan', 93589, 1709, 93589, '2024-01-06', '2024-04-24 14:48:15', '2024-04-24 14:48:15'),
(13, 'Telur9Jan', 91759, 1658, 91759, '2024-01-09', '2024-04-24 14:51:51', '2024-04-24 14:51:51'),
(14, 'Telur10Jan', 92741, 1665, 92741, '2024-01-10', '2024-04-24 14:54:31', '2024-04-24 14:54:31'),
(15, 'Telur13Jan', 91128, 1710, 91128, '2024-01-13', '2024-04-24 14:57:00', '2024-04-24 14:57:00'),
(16, 'Telur17Jan', 91063, 1710, 91063, '2024-01-17', '2024-04-24 14:59:33', '2024-04-24 14:59:33'),
(17, 'Telur20Jan', 91319, 1652, 91319, '2024-01-20', '2024-04-24 15:02:09', '2024-04-24 15:02:09'),
(18, 'Telur24Jan', 91906, 1586, 91906, '2024-01-24', '2024-04-24 15:04:38', '2024-04-24 15:04:38'),
(19, 'Ayam6Jan', 123239, 14, 123239, '2024-01-06', '2024-05-10 09:55:11', '2024-05-10 09:55:11'),
(20, 'Telur7Jan', 92729, 1709, 92729, '2024-01-07', '2024-05-10 09:58:46', '2024-05-10 09:58:46'),
(21, 'Ayam7Jan', 122126, 17, 122126, '2024-01-07', '2024-05-10 09:59:40', '2024-05-10 09:59:40'),
(22, 'Telur8Jan', 92274, 1648, 92274, '2024-01-08', '2024-05-10 10:01:21', '2024-05-10 10:01:21'),
(23, 'Ayam8Jan', 121212, 31, 121212, '2024-01-08', '2024-05-10 10:02:21', '2024-05-10 10:02:21'),
(24, 'Ayam9Jan', 121230, 33, 121230, '2024-01-09', '2024-05-10 10:03:19', '2024-05-10 10:03:19'),
(25, 'Ayam10Jan', 121128, 15, 121128, '2024-01-10', '2024-05-10 10:04:12', '2024-05-10 10:04:12'),
(26, 'Telur11Jan', 91496, 1626, 91296, '2024-01-11', '2024-05-10 10:05:26', '2024-05-10 10:05:26'),
(27, 'Ayam11Jan', 119336, 28, 119336, '2024-01-11', '2024-05-10 10:06:01', '2024-05-10 10:06:01'),
(28, 'Telur12Jan', 90999, 1650, 90999, '2024-01-12', '2024-05-10 10:07:14', '2024-05-10 10:07:14'),
(29, 'Ayam12Jan', 119302, 33, 119302, '2024-01-12', '2024-05-10 10:07:42', '2024-05-10 10:07:42'),
(30, 'Ayam13Jan', 119262, 10, 119262, '2024-01-13', '2024-05-10 10:08:27', '2024-05-10 10:08:27'),
(31, 'Telur14Jan', 90883, 1701, 90883, '2024-01-14', '2024-05-10 10:09:41', '2024-05-10 10:09:41'),
(32, 'Ayam14Jan', 118867, 15, 118867, '2024-01-14', '2024-05-10 10:10:39', '2024-05-10 10:10:39'),
(33, 'Telur15Jan', 91428, 1757, 91428, '2024-01-15', '2024-05-10 10:11:47', '2024-05-10 10:11:47'),
(34, 'Ayam15Jan', 118817, 18, 118817, '2024-01-15', '2024-05-10 10:12:39', '2024-05-10 10:12:39'),
(35, 'Telur16Jan', 91057, 1629, 91057, '2024-01-16', '2024-05-10 10:14:42', '2024-05-10 10:14:42'),
(36, 'Ayam16Jan', 118803, 14, 118803, '2024-01-16', '2024-05-10 10:15:28', '2024-05-10 10:15:28'),
(37, 'Ayam17Jan', 118784, 12, 118784, '2024-01-17', '2024-05-10 10:16:18', '2024-05-10 10:16:18'),
(38, 'Telur18Jan', 91179, 1678, 91179, '2024-01-18', '2024-05-10 10:17:26', '2024-05-10 10:17:26'),
(39, 'Ayam18Jan', 118766, 25, 118766, '2024-01-18', '2024-05-10 10:17:57', '2024-05-10 10:17:57'),
(40, 'Telur19Jan', 91410, 1756, 91410, '2024-01-19', '2024-05-10 10:19:11', '2024-05-10 10:19:11'),
(41, 'Ayam19Jan', 119039, 24, 119039, '2024-01-19', '2024-05-10 10:20:17', '2024-05-10 10:20:17'),
(42, 'Ayam20Jan', 126717, 17, 126717, '2024-01-20', '2024-05-10 10:21:08', '2024-05-10 10:21:08'),
(43, 'Telur21Jan', 91528, 1757, 91528, '2024-01-21', '2024-05-10 10:34:51', '2024-05-10 10:34:51'),
(44, 'Ayam21Jan', 126695, 12, 126695, '2024-01-21', '2024-05-10 10:35:33', '2024-05-10 10:35:33'),
(45, 'Telur22Jan', 91464, 1617, 91464, '2024-01-22', '2024-05-10 10:36:39', '2024-05-10 10:36:39'),
(46, 'Ayam22Jan', 126677, 16, 126677, '2024-01-22', '2024-05-10 10:37:12', '2024-05-10 10:37:12'),
(47, 'Telur23Jan', 91344, 1572, 91344, '2024-01-23', '2024-05-10 10:38:18', '2024-05-10 10:38:18'),
(48, 'Ayam24Jan', 118848, 19, 118848, '2024-01-24', '2024-05-10 10:39:10', '2024-05-10 10:39:10'),
(49, 'Telur25Jan', 91636, 1627, 91636, '2024-01-25', '2024-05-10 10:40:48', '2024-05-10 10:40:48'),
(50, 'Ayam25Jan', 118823, 12, 118823, '2024-01-25', '2024-05-10 10:41:26', '2024-05-10 10:41:26'),
(51, 'Telur26Jan', 91757, 1630, 91757, '2024-01-26', '2024-05-10 10:42:30', '2024-05-10 10:42:30'),
(52, 'Ayam26Jan', 118808, 22, 118808, '2024-01-26', '2024-05-10 10:43:00', '2024-05-10 10:43:00'),
(53, 'Telur27Jan', 91594, 1666, 91594, '2024-01-27', '2024-05-10 10:43:55', '2024-05-10 10:43:55'),
(54, 'Ayam27Jan', 118740, 24, 118740, '2024-01-27', '2024-05-10 10:44:26', '2024-05-10 10:44:26'),
(55, 'Telur28Jan', 91329, 1650, 91329, '2024-01-28', '2024-05-10 10:45:21', '2024-05-10 10:45:21'),
(56, 'Ayam28Jan', 118716, 18, 118716, '2024-01-28', '2024-05-10 10:46:06', '2024-05-10 10:46:06'),
(57, 'Telur29Jan', 91743, 1642, 91743, '2024-01-29', '2024-05-10 10:46:55', '2024-05-10 10:47:24'),
(58, 'Ayam29Jan', 118698, 18, 118698, '2024-01-29', '2024-05-10 10:48:10', '2024-05-10 10:48:10'),
(59, 'Telur30Jan', 91709, 1644, 91709, '2024-01-30', '2024-05-10 10:49:11', '2024-05-10 10:49:11'),
(60, 'Ayam30Jan', 118674, 12, 118674, '2024-01-30', '2024-05-10 10:49:44', '2024-05-10 10:49:44'),
(61, 'Telur31Jan', 92858, 1589, 92858, '2024-01-31', '2024-05-10 10:50:42', '2024-05-10 10:50:42'),
(62, 'Ayam31Jan', 118660, 17, 118660, '2024-01-31', '2024-05-10 10:51:20', '2024-05-10 10:51:20');

-- --------------------------------------------------------

--
-- Struktur dari tabel `sessions`
--

CREATE TABLE `sessions` (
  `id` varchar(255) COLLATE utf8mb4_unicode_ci NOT NULL,
  `user_id` bigint(20) UNSIGNED DEFAULT NULL,
  `ip_address` varchar(45) COLLATE utf8mb4_unicode_ci DEFAULT NULL,
  `user_agent` text COLLATE utf8mb4_unicode_ci DEFAULT NULL,
  `payload` longtext COLLATE utf8mb4_unicode_ci NOT NULL,
  `last_activity` int(11) NOT NULL
) ENGINE=InnoDB DEFAULT CHARSET=utf8mb4 COLLATE=utf8mb4_unicode_ci;

--
-- Dumping data untuk tabel `sessions`
--

INSERT INTO `sessions` (`id`, `user_id`, `ip_address`, `user_agent`, `payload`, `last_activity`) VALUES
('3vC0F7zTMr2yYvc0fni90sJLhgxUOmI8tjwA8uax', 2, '127.0.0.1', 'Mozilla/5.0 (Windows NT 10.0; Win64; x64) AppleWebKit/537.36 (KHTML, like Gecko) Chrome/124.0.0.0 Safari/537.36', 'YTo1OntzOjY6Il90b2tlbiI7czo0MDoiR3FkNGFLNzdneWdBRkc3UjJFTWhOTGI0V0JxVlIwbmdBRlZ0WUFERCI7czo2OiJfZmxhc2giO2E6Mjp7czozOiJvbGQiO2E6MDp7fXM6MzoibmV3IjthOjA6e319czo5OiJfcHJldmlvdXMiO2E6MTp7czozOiJ1cmwiO3M6MzE6Imh0dHA6Ly9sb2NhbGhvc3Q6ODAwMC9wZW5qdWFsYW4iO31zOjUwOiJsb2dpbl93ZWJfNTliYTM2YWRkYzJiMmY5NDAxNTgwZjAxNGM3ZjU4ZWE0ZTMwOTg5ZCI7aToyO3M6MjE6InBhc3N3b3JkX2hhc2hfc2FuY3R1bSI7czo2MDoiJDJ5JDEwJGJtdnJCWWZ4Lm90VVRCMjlBdXExR2VyOTVCWUtNbUpWUTQySy8zdnFlRjRKNGxqejQvTDcuIjt9', 1716271384);

-- --------------------------------------------------------

--
-- Struktur dari tabel `telur`
--

CREATE TABLE `telur` (
  `id` int(11) NOT NULL,
  `kandang_id` int(11) NOT NULL,
  `jml_bagus` int(11) NOT NULL,
  `jml_retak` int(11) NOT NULL,
  `total` int(11) NOT NULL,
  `tanggal` date NOT NULL,
  `created_at` datetime NOT NULL,
  `updated_at` datetime NOT NULL
) ENGINE=InnoDB DEFAULT CHARSET=utf8mb4;

--
-- Dumping data untuk tabel `telur`
--

INSERT INTO `telur` (`id`, `kandang_id`, `jml_bagus`, `jml_retak`, `total`, `tanggal`, `created_at`, `updated_at`) VALUES
(4, 5, 3630, 60, 3690, '2024-01-01', '2024-04-21 14:44:01', '2024-04-21 14:44:01'),
(5, 6, 600, 10, 610, '2024-01-01', '2024-04-21 14:44:30', '2024-04-21 14:44:30'),
(6, 7, 60, 0, 60, '2024-01-01', '2024-04-21 14:45:15', '2024-04-21 14:45:15'),
(7, 8, 3060, 30, 3090, '2024-01-01', '2024-04-21 14:47:17', '2024-04-21 14:47:17'),
(8, 9, 772, 8, 780, '2024-01-01', '2024-04-21 14:47:49', '2024-04-21 14:47:49'),
(9, 10, 2545, 35, 2580, '2024-01-01', '2024-04-21 14:48:32', '2024-04-21 14:48:32'),
(10, 11, 810, 18, 828, '2024-01-01', '2024-04-21 14:49:17', '2024-04-21 14:49:17'),
(11, 12, 570, 12, 582, '2024-01-01', '2024-04-21 14:49:57', '2024-04-21 14:49:57'),
(12, 13, 1665, 30, 1695, '2024-01-01', '2024-04-21 14:50:43', '2024-04-21 14:50:43'),
(13, 14, 4400, 30, 4430, '2024-01-01', '2024-04-21 14:51:14', '2024-04-21 14:51:14'),
(14, 15, 4475, 270, 4745, '2024-01-01', '2024-05-10 07:13:00', '2024-05-10 07:13:00'),
(15, 16, 1110, 60, 1170, '2024-01-01', '2024-05-10 07:13:39', '2024-05-10 07:13:39'),
(16, 17, 102, 0, 102, '2024-01-01', '2024-05-10 07:13:59', '2024-05-10 07:13:59'),
(17, 18, 1920, 60, 1980, '2024-01-01', '2024-05-10 07:14:34', '2024-05-10 07:14:34'),
(18, 19, 5507, 41, 5548, '2024-01-01', '2024-05-10 07:15:03', '2024-05-10 07:15:03'),
(19, 20, 4860, 300, 5160, '2024-01-01', '2024-05-10 07:15:28', '2024-05-10 07:15:28'),
(20, 21, 600, 0, 600, '2024-01-01', '2024-05-10 07:15:49', '2024-05-10 07:15:49'),
(21, 22, 2070, 30, 2100, '2024-01-01', '2024-05-10 07:16:17', '2024-05-10 07:16:17'),
(22, 23, 1270, 13, 1283, '2024-01-01', '2024-05-10 07:16:43', '2024-05-10 07:16:43'),
(23, 24, 2430, 60, 2490, '2024-01-01', '2024-05-10 07:17:07', '2024-05-10 07:17:07'),
(24, 25, 1890, 60, 1950, '2024-01-01', '2024-05-10 07:17:28', '2024-05-10 07:17:28'),
(25, 26, 1290, 30, 1320, '2024-01-01', '2024-05-10 07:17:49', '2024-05-10 07:17:49'),
(26, 27, 5370, 210, 5580, '2024-01-01', '2024-05-10 07:18:20', '2024-05-10 07:18:20'),
(27, 28, 1890, 30, 1920, '2024-01-01', '2024-05-10 07:19:07', '2024-05-10 07:19:07'),
(28, 29, 2850, 90, 2940, '2024-01-01', '2024-05-10 07:19:28', '2024-05-10 07:19:28'),
(29, 30, 180, 0, 180, '2024-01-01', '2024-05-10 07:19:55', '2024-05-10 07:19:55'),
(30, 31, 4380, 60, 4440, '2024-01-01', '2024-05-10 07:20:19', '2024-05-10 07:20:19'),
(31, 32, 2370, 60, 2430, '2024-01-01', '2024-05-10 07:20:50', '2024-05-10 07:20:50'),
(32, 33, 6291, 30, 6321, '2024-01-01', '2024-05-10 07:21:16', '2024-05-10 07:21:16'),
(33, 34, 4506, 24, 4530, '2024-01-01', '2024-05-10 07:21:47', '2024-05-10 07:21:47'),
(34, 35, 2280, 30, 2310, '2024-01-01', '2024-05-10 07:22:09', '2024-05-10 07:22:09'),
(35, 36, 750, 0, 750, '2024-01-01', '2024-05-10 07:22:37', '2024-05-10 07:22:37'),
(36, 37, 5550, 50, 5600, '2024-01-01', '2024-05-10 07:23:08', '2024-05-10 07:23:08'),
(37, 38, 2190, 17, 2207, '2024-01-01', '2024-05-10 07:24:00', '2024-05-10 07:24:00'),
(38, 39, 2130, 30, 2160, '2024-01-01', '2024-05-10 07:24:24', '2024-05-10 07:24:24'),
(39, 40, 930, 0, 930, '2024-01-01', '2024-05-10 07:24:42', '2024-05-10 07:24:42'),
(40, 41, 3240, 30, 3270, '0204-01-01', '2024-05-10 07:25:05', '2024-05-10 07:25:05');

-- --------------------------------------------------------

--
-- Struktur dari tabel `users`
--

CREATE TABLE `users` (
  `id` bigint(20) UNSIGNED NOT NULL,
  `name` varchar(255) COLLATE utf8mb4_unicode_ci NOT NULL,
  `email` varchar(255) COLLATE utf8mb4_unicode_ci NOT NULL,
  `email_verified_at` timestamp NULL DEFAULT NULL,
  `password` varchar(255) COLLATE utf8mb4_unicode_ci NOT NULL,
  `two_factor_secret` text COLLATE utf8mb4_unicode_ci DEFAULT NULL,
  `two_factor_recovery_codes` text COLLATE utf8mb4_unicode_ci DEFAULT NULL,
  `two_factor_confirmed_at` timestamp NULL DEFAULT NULL,
  `remember_token` varchar(100) COLLATE utf8mb4_unicode_ci DEFAULT NULL,
  `current_team_id` bigint(20) UNSIGNED DEFAULT NULL,
  `profile_photo_path` varchar(2048) COLLATE utf8mb4_unicode_ci DEFAULT NULL,
  `created_at` timestamp NULL DEFAULT NULL,
  `updated_at` timestamp NULL DEFAULT NULL,
  `role_id` int(11) NOT NULL
) ENGINE=InnoDB DEFAULT CHARSET=utf8mb4 COLLATE=utf8mb4_unicode_ci;

--
-- Dumping data untuk tabel `users`
--

INSERT INTO `users` (`id`, `name`, `email`, `email_verified_at`, `password`, `two_factor_secret`, `two_factor_recovery_codes`, `two_factor_confirmed_at`, `remember_token`, `current_team_id`, `profile_photo_path`, `created_at`, `updated_at`, `role_id`) VALUES
(1, 'admin', 'admin@gmail.com', NULL, '$2y$10$tGnb0zLKBwWPXTkMPHYB3./BqeWwDvk1oiL0IYdZA14S4bofNDkvq', NULL, NULL, NULL, NULL, NULL, NULL, '2024-02-18 02:31:07', '2024-02-28 00:13:12', 1),
(2, 'karyawan1', 'karyawan1@gmail.com', NULL, '$2y$10$bmvrBYfx.otUTB29Auq1Ger95BYKMmJVQ42K/3vqeF4J4ljz4/L7.', NULL, NULL, NULL, NULL, NULL, NULL, '2024-02-27 00:59:26', '2024-02-28 00:28:36', 2),
(10, 'karyawan2', 'karyawan2@gmail.com', NULL, '$2y$10$OqG4DzJyn.Hs7yNuwQfPV.t2NibiJK44w5P3xysBHti9NAvLPsCWy', NULL, NULL, NULL, NULL, NULL, NULL, '2024-02-28 00:33:16', '2024-02-28 00:33:16', 2);

--
-- Indexes for dumped tables
--

--
-- Indeks untuk tabel `ayam`
--
ALTER TABLE `ayam`
  ADD PRIMARY KEY (`id`);

--
-- Indeks untuk tabel `failed_jobs`
--
ALTER TABLE `failed_jobs`
  ADD PRIMARY KEY (`id`),
  ADD UNIQUE KEY `failed_jobs_uuid_unique` (`uuid`);

--
-- Indeks untuk tabel `kandang`
--
ALTER TABLE `kandang`
  ADD PRIMARY KEY (`id`);

--
-- Indeks untuk tabel `migrations`
--
ALTER TABLE `migrations`
  ADD PRIMARY KEY (`id`);

--
-- Indeks untuk tabel `pakan`
--
ALTER TABLE `pakan`
  ADD PRIMARY KEY (`id`);

--
-- Indeks untuk tabel `password_resets`
--
ALTER TABLE `password_resets`
  ADD KEY `password_resets_email_index` (`email`);

--
-- Indeks untuk tabel `penjualan`
--
ALTER TABLE `penjualan`
  ADD PRIMARY KEY (`id`);

--
-- Indeks untuk tabel `personal_access_tokens`
--
ALTER TABLE `personal_access_tokens`
  ADD PRIMARY KEY (`id`),
  ADD UNIQUE KEY `personal_access_tokens_token_unique` (`token`),
  ADD KEY `personal_access_tokens_tokenable_type_tokenable_id_index` (`tokenable_type`,`tokenable_id`);

--
-- Indeks untuk tabel `produk`
--
ALTER TABLE `produk`
  ADD PRIMARY KEY (`id`);

--
-- Indeks untuk tabel `sessions`
--
ALTER TABLE `sessions`
  ADD PRIMARY KEY (`id`),
  ADD KEY `sessions_user_id_index` (`user_id`),
  ADD KEY `sessions_last_activity_index` (`last_activity`);

--
-- Indeks untuk tabel `telur`
--
ALTER TABLE `telur`
  ADD PRIMARY KEY (`id`);

--
-- Indeks untuk tabel `users`
--
ALTER TABLE `users`
  ADD PRIMARY KEY (`id`),
  ADD UNIQUE KEY `users_email_unique` (`email`);

--
-- AUTO_INCREMENT untuk tabel yang dibuang
--

--
-- AUTO_INCREMENT untuk tabel `ayam`
--
ALTER TABLE `ayam`
  MODIFY `id` int(11) NOT NULL AUTO_INCREMENT, AUTO_INCREMENT=52;

--
-- AUTO_INCREMENT untuk tabel `failed_jobs`
--
ALTER TABLE `failed_jobs`
  MODIFY `id` bigint(20) UNSIGNED NOT NULL AUTO_INCREMENT;

--
-- AUTO_INCREMENT untuk tabel `kandang`
--
ALTER TABLE `kandang`
  MODIFY `id` int(11) NOT NULL AUTO_INCREMENT, AUTO_INCREMENT=47;

--
-- AUTO_INCREMENT untuk tabel `migrations`
--
ALTER TABLE `migrations`
  MODIFY `id` int(10) UNSIGNED NOT NULL AUTO_INCREMENT, AUTO_INCREMENT=7;

--
-- AUTO_INCREMENT untuk tabel `pakan`
--
ALTER TABLE `pakan`
  MODIFY `id` int(11) NOT NULL AUTO_INCREMENT, AUTO_INCREMENT=63;

--
-- AUTO_INCREMENT untuk tabel `penjualan`
--
ALTER TABLE `penjualan`
  MODIFY `id` int(11) NOT NULL AUTO_INCREMENT, AUTO_INCREMENT=19;

--
-- AUTO_INCREMENT untuk tabel `personal_access_tokens`
--
ALTER TABLE `personal_access_tokens`
  MODIFY `id` bigint(20) UNSIGNED NOT NULL AUTO_INCREMENT;

--
-- AUTO_INCREMENT untuk tabel `produk`
--
ALTER TABLE `produk`
  MODIFY `id` int(11) NOT NULL AUTO_INCREMENT, AUTO_INCREMENT=63;

--
-- AUTO_INCREMENT untuk tabel `telur`
--
ALTER TABLE `telur`
  MODIFY `id` int(11) NOT NULL AUTO_INCREMENT, AUTO_INCREMENT=41;

--
-- AUTO_INCREMENT untuk tabel `users`
--
ALTER TABLE `users`
  MODIFY `id` bigint(20) UNSIGNED NOT NULL AUTO_INCREMENT, AUTO_INCREMENT=12;
COMMIT;

/*!40101 SET CHARACTER_SET_CLIENT=@OLD_CHARACTER_SET_CLIENT */;
/*!40101 SET CHARACTER_SET_RESULTS=@OLD_CHARACTER_SET_RESULTS */;
/*!40101 SET COLLATION_CONNECTION=@OLD_COLLATION_CONNECTION */;
